{
  "providers": [
    {
      "type": "bitmap",
      "file": "emoji/smile.png",
      "height": 9,
      "ascent": 9,
      "chars": [
        "\uD83D\uDE04"
      ]
    },
    {
      "type": "bitmap",
      "file": "emoji/clown.png",
      "height": 9,
      "ascent": 9,
      "chars": [
        "\uD83E\uDD21"
      ]
    },
    {
      "type": "bitmap",
      "file": "emoji/heart.png",
      "height": 9,
      "ascent": 9,
      "chars": [
        "\u2764"
      ]
    },
    {
      "type": "bitmap",
      "file": "emoji/kekw.png",
      "height": 9,
      "ascent": 9,
      "chars": [
        "\uE000"
      ]
    },
    {
      "type": "bitmap",
      "file": "emoji/sadcat.png",
      "height": 9,
      "ascent": 9,
      "chars": [
        "\uE001"
      ]
    },
    {
      "type": "bitmap",
      "file": "emoji/pepeclown.png",
      "height": 9,
      "ascent": 9,
      "chars": [
        "\uE002"
      ]
    },
    {
      "type": "bitmap",
      "file": "emoji/kekwait.png",
      "height": 9,
      "ascent": 9,
      "chars": [
        "\uE003"
      ]
    },
    {
      "type": "bitmap",
      "file": "emoji/listening.png",
      "height": 9,
      "ascent": 9,
      "chars": [
        "\uE004"
      ]
    },
    {
      "type": "bitmap",
      "file": "emoji/smirk.png",
      "height": 9,
      "ascent": 9,
      "chars": [
        "\uE005"
      ]
    },
    {
      "type": "bitmap",
      "file": "emoji/catsmirk.png",
      "height": 9,
      "ascent": 9,
      "chars": [
        "\uE006"
      ]
    }
  ]
}
